Name;Client_Id
;3
;3
;3
;3
;3
;3
;3
;3
;3
;3
;3
;3
;3
;3
;3
;3
;3
;3
;3
;3
;3
;3
;3
;3
;3
;3
;3
;3
;3
;3
;3
;3
;3
;3
;3
;3
;3
;3
;3
;3
;3
;3
;3
;3
;3
;3
;3
;3
;3
;3
;3
;3
;3
;3
;3
;3
;3
;3
;3
;3
;3
;3
;3
;3
;3
;3
;3
;3
;3
;3
;3
;3
;3
;3
;3
;3
;3
;3
;3
;3
;3
;3
;3
;3
;3
;3
;3
;3
;3
;3
;3
;3
;3
;3
;3
;3
;3
;3
;3
;3
;3
;3
;3
;3
;3
;3
;3
;3
;3
;3
;3
;3
;3
;3
;3
;3
;3
;3
;3
;3
;3
;3
;3
;3
;3
;3
;3
;3
;3
;3
;3
;3
;3
;3
;3
;3
;3
;3
;3
;3
;3
;3
;3
;3
;3
;3
;3
;3
;3
;3
;3
;3
;3
;3
;3
;3
;3
;3
;3
;3
;3
;3
;3
;3
;3
;3
;3
;3
;3
;3
;3
;3
;3
;3
;3
;3
;3
;3
;3
;3
;3
;3
;3
;3
;3
;3
;3
;3
;3
;3
;3
;3
;3
;3
;3
;3
;3
;3
;3
;3
;3
;3
;3
;3
;3
;3
;3
;3
;3
;3
;3
;3
;3
;3
;3
;3
;3
;3
;3
;3
;3
;3
;3
;3
;3
;3
;3
;3
;3
;3
;3
;3
;3
;3
;3
;3
;3
;3
;3
;3
;3
;3
;3
;3
;3
;3
;3
;3
;3
;3
;3
;3
;3
;3
;3
;3
;3
;3
;3
;3
;3
;3
;3
;3
;3
;3
;3
;3
;3
;3
;3
;3
;3
;3
;3
;3
;3
;3
;3
;3
;3
;3
;3
;3
;3
;3
;3
;3
;3
;3
;3
;3
;3
;3
;3
;3
;3
;3
;3
;3
;3
;3
;3
;3
;3
;3
;3
;3
;3
;3
;3
;3
;3
;3
;3
;3
;3
;3
;3
;3
;3
;3
;3
;3
;3
;3
;3
;3
;3
;3
;3
;3
;3
;3
;3
;3
;3
;3
;3
;3
;3
;3
;3
;3
;3
;3
;3
;3
;3
;3
;3
;3
;3
;3
;3
;3
;3
;3
;3
;3
;3
;3
;3
;3
;3
;3
;3
;3
;3
;3
;3
;3
;3
;3
;3
;3
;3
;3
;3
;3
;3
;3
;3
;3
;3
;3
;3
;3
;3
;3
;3
;3
;3
;3
;3
;3
;3
;3
;3
;3
;3
;3
;3
;3
;3
;3
;3
;3
;3
;3
;3
;3
;3
;3
;3
;3
;3
;3
;3
;3
;3
;3
;3
;3
;3
;3
;3
;3
;3
;3
;3
;3
;3
;3
;3
;3
;3
;3
;3
;3
;3
;3
;3
;3
;3
;3
;3
;3
;3
;3
;3
;3
;3
;3
;3
;3
;3
;3
;3
;3
;3
;3
;3
;3
;3
;3
;3
;3
;3
;3
;3
;3
;3
;3
;3
;3
;3
;3
;3
;3
;3
;3
;3
;3
;3
;3
;3
;3
;3
;3
;3
;3
;3
;3
;3
;3
;3
;3
;3
;3
;3
;3
;3
;3
;3
;3
;3
;3
;3
;3
;3
;3
;3
;3
;3
;3
;3
;3
;3
;3
;3
;3
;3
;3
;3
;3
;3
;3
;3
;3
;3
;3
;3
;3
;3
;3
;3
;3
;3
;3
;3
;3
;3
;3
;3
;3
;3
;3
;3
;3
;3
;3
;3
;3
;3
;3
;3
;3
;3
;3
;3
;3
;3
;3
;3
;3
;3
;3
;3
;3
;3
;3
;3
;3
;3
;3
;3
;3
;3
;3
;3
;3
;3
;3
;3
;3
;3
;3
;3
;3
;3
;3
;3
;3
;3
;3
;3
;3
;3
;3
;3
;3
;3
;3
;3
;3
;3
;3
;3
;3
;3
;3
;3
;3
;3
;3
;3
;3
;3
;3
;3
;3
;3
;3
;3
;3
;3
;3
;3
;3
;3
;3
;3
;3
;3
;3
;3
;3
;3
;3
;3
;3
;3
;3
;3
;3
;3
;3
;3
;3
;3
;3
;3
;3
;3
;3
;3
;3
;3
;3
;3
;3
;3
;3
;3
;3
;3
;3
;3
;3
;3
;3
;3
;3
;3
;3
;3
;3
;3
;3
;3
;3
;3
;3
;3
;3
;3
;3
;3
;3
;3
;3
;3
;3
;3
;3
;3
;3
;3
;3
;3
;3
;3
;3
;3
;3
;3
;3
;3
;3
;3
;3
;3
;3
;3
;3
;3
;3
;3
;3
;3
;3
;3
;3
;3
;3
;3
;3
;3
;3
;3
;3
;3
;3
;3
;3
;3
;3
;3
;3
;3
;3
;3
;3
;3
;3
;3
;3
;3
;3
;3
;3
;3
;3
;3
;3
;3
;3
;3
;3
;3
;3
;3
;3
;3
;3
;3
;3
;3
;3
;3
;3
;3
;3
;3
;3
;3
;3
;3
;3
;3
;3
;3
;3
;3
;3
;3
;3
;3
;3
;3
;3
;3
;3
;3
;3
;3
;3
;3
;3
;3
;3
;3
;3
;3
;3
;3
;3
;3
;3
;3
;3
;3
;3
;3
;3
;3
;3
;3
;3
;3
;3
;3
;3
;3
;3
;3
;3
;3
;3
;3
;3
;3
;3
;3
;3
;3
;3
;3
;3
;3
;3
;3
;3
;3
;3
;3
;3
;3
;3
;3
;3
;3
;3
;3
;3
;3
;3
;3
;3
;3
;3
;3
;3
;3
;3
;3
;3
;3
;3
;3
;3
;3
;3
;3
;3
;3
;3
;3
;3
;3
;3
;3
;3
;3
;3
;3
;3
;3
;3
;3
;3
;3
;3
;3
;3
;3
;3
;3
;3
;3
;3
;3
;3
;3
;3
;3
;3
;3
;3
;3
;3
;3
;3
;3
;3
;3
;3
;3
;3
;3
;3
;3
;3
;3
;3
;3
;3
;3
;3
;3
;3
;3
;3
;3
;3
;3
;3
;3
;3
;3
;3
;3
;3
;3
;3
;3
;3
;3
;3
;3
;3
;3
;3
;3
;3
;3
;3
;3
;3
;3
;3
;3
;3
;3
;3
;3
;3
;3
;3
;3
;3
;3
;3
;3
;3
;3
;3
;3
;3
;3
;3
;3
;3
;3
;3
;3
;3
;3
;3
;3
;3
;3
;3
;3
;3
;3
;3
;3
;3
;3
;3
;3
;3
;3
;3
;3
;3
;3
;3
;3
;3
;3
;3
;3
;3
;3
;3
;3
;3
;3
;3
;3
;3
;3
;3
;3
;3
;3
;3
;3
;3
;3
;3
;3
;3
;3
;3
;3
;3
;3
;3
;3
;3
;3
;3
;3
;3
;3
;3
;3
;3
;3
;3
;3
;3
;3
;3
;3
;3
;3
;3
;3
;3
;3
;3
;3
;3
;3
;3
;3
;3
;3
;3
;3
;3
;3
;3
;3
;3
;3
;3
;3
;3
;3
;3
;3
;3
;3
;3
;3
;3
;3
;3
;3
;3
;3
;3
;3
;3
;3
;3
;3
;3
;3
;3
;3
;3
;3
;3
;3
;3
;3
;3
;3
;3
;3
;3
;3
;3
;3
;3
;3
;3
;3
;3
;3
;3
;3
;3
;3
;3
;3
;3
;3
;3
;3
;3
;3
;3
;3
;3
;3
;3
;3
;3
;3
;3
;3
;3
;3
;3
;3
;3
;3
;3
;3
;3
;3
;3
;3
;3
;3
;3
;3
;3
;3
;3
;3
;3
;3
;3
;3
;3
;3
;3
;3
;3
;3
;3
;3
;3
;3
;3
;3
;3
;3
;3
;3
;3
;3
;3
;3
;3
;3
;3
;3
;3
;3
;3
;3
;3
;3
;3
;3
;3
;3
;3
;3
;3
;3
;3
;3
;3
;3
;3
;3
;3
;3
;3
;3
;3
;3
;3
;3
;3
;3
;3
;3
;3
;3
;3
;3
;3
;3
;3
;3
;3
;3
;3
;3
;3
;3
;3
;3
;3
;3
;3
;3
;3
;3
;3
;3
;3
;3
;3
;3
;3
;3
;3
;3
;3
;3
;3
;3
;3
;3
;3
;3
;3
;3
;3
;3
;3
;3
;3
;3
;3
;3
;3
;3
;3
;3
;3
;3
;3
;3
;3
;3
;3
;3
;3
;3
;3
;3
;3
;3
;3
;3
;3
;3
;3
;3
;3
;3
;3
;3
;3
;3
;3
;3
;3
;3
;3
;3
;3
;3
;3
;3
;3
;3
;3
;3
;3
;3
;3
;3
;3
;3
;3
;3
;3
;3
;3
;3
;3
;3
;3
;3
;3
;3
;3
;3
;3
;3
;3
;3
;3
;3
;3
;3
;3
;3
;3
;3
;3
;3
;3
;3
;3
;3
;3
;3
;3
;3
;3
;3
;3
;3
;3
;3
;3
;3
;3
;3
;3
;3
;3
;3
;3
;3
;3
;3
;3
;3
;3
;3
;3
;3
;3
;3
;3
;3
;3
;3
;3
;3
;3
;3
;3
;3
;3
;3
;3
;3
;3
;3
;3
;3
;3
;3
;3
;3
;3
;3
;3
;3
;3
;3
;3
;3
;3
;3
;3
;3
;3
;3
;3
;3
;3
;3
;3
;3
;3
;3
;3
;3
;3
;3
;3
;3
;3
;3
;3
;3
;3
;3
;3
;3
;3
;3
;3
;3
;3
;3
;3
;3
;3
;3
;3
;3
;3
;3
;3
;3
;3
;3
;3
;3
;3
;3
;3
;3
;3
;3
;3
;3
;3
;3
;3
;3
;3
;3
;3
;3
;3
;3
;3
;3
;3
;3
;3
;3
;3
;3
;3
;3
;3
;3
;3
;3
;3
;3
;3
;3
;3
;3
;3
;3
;3
;3
;3
;3
;3
;3
;3
;3
;3
;3
;3
;3
;3
;3
;3
;3
;3
;3
;3
;3
;3
;3
;3
;3
;3
;3
;3
;3
;3
;3
;3
;3
;3
;3
;3
;3
;3
;3
;3
;3
;3
;3
;3
;3
;3
;3
;3
;3
;3
;3
;3
;3
;3
;3
;3
;3
;3
;3
;3
;3
;3
;3
;3
;3
;3
;3
;3
;3
;3
;3
;3
;3
;3
;3
;3
;3
;3
;3
;3
;3
;3
;3
;3
;3
;3
;3
;3
;3
;3
;3
;3
;3
;3
;3
;3
;3
;3
;3
;3
;3
;3
;3
;3
;3
;3
;3
;3
;3
;3
;3
;3
;3
;3
;3
;3
;3
;3
;3
;3
;3
;3
;3
;3
;3
;3
;3
;3
;3
;3
;3
;3
;3
;3
;3
;3
;3
;3
;3
;3
;3
;3
;3
;3
;3
;3
;3
;3
;3
;3
;3
;3
;3
;3
;3
;3
;3
;3
;3
;3
;3
;3
;3
;3
;3
;3
;3
;3
;3
;3
;3
;3
;3
;3
;3
;3
;3
;3
;3
;3
;3
;3
;3
;3
;3
;3
;3
;3
;3
;3
;3
;3
;3
;3
;3
;3
;3
;3
;3
;3
;3
;3
;3
;3
;3
;3
;3
;3
;3
;3
;3
;3
;3
;3
;3
;3
;3
;3
;3
;3
;3
;3
;3
;3
;3
;3
;3
;3
;3
;3
;3
;3
;3
;3
;3
;3
;3
;3
;3
;3
;3
;3
;3
;3
;3
;3
;3
;3
;3
;3
;3
;3
;3
;3
;3
;3
;3
;3
;3
;3
;3
;3
;3
;3
;3
;3
;3
;3
;3
;3
;3
;3
;3
;3
;3
;3
;3
;3
;3
;3
;3
;3
;3
;3
;3
;3
;3
;3
;3
;3
;3
;3
;3
;3
;3
;3
;3
;3
;3
;3
;3
;3
;3
;3
;3
;3
;3
;3
;3
;3
;3
;3
;3
;3
;3
;3
;3
;3
;3
;3
;3
;3
;3
;3
;3
;3
;3
;3
;3
;3
;3
;3
;3
;3
;3
;3
;3
;3
;3
;3
;3
;3
;3
;3
;3
;3
;3
;3
;3
;3
;3
;3
;3
;3
;3
;3
;3
;3
;3
;3
;3
;3
;3
;3
;3
;3
;3
;3
;3
;3
;3
;3
;3
;3
;3
;3
;3
;3
;3
;3
;3
;3
;3
;3
;3
;3
;3
;3
;3
;3
;3
;3
;3
;3
;3
;3
;3
;3
;3
;3
;3
;3
;3
;3
;3
;3
;3
;3
;3
;3
;3
;3
;3
;3
;3
;3
;3
;3
;3
;3
;3
;3
;3
;3
;3
;3
;3
;3
;3
;3
;3
;3
;3
;3
;3
;3
;3
;3
;3
;3
;3
;3
;3
;3
;3
;3
;3
;3
;3
;3
;3
;3
;3
;3
;3
;3
;3
;3
;3
;3
;3
;3
;3
;3
;3
;3
;3
;3
;3
;3
;3
;3
;3
;3
;3
;3
;3
;3
;3
;3
;3
;3
;3
;3
;3
;3
;3
;3
;3
;3
;3
;3
;3
;3
;3
;3
;3
;3
;3
;3
;3
;3
;3
;3
;3
;3
;3
;3
;3
;3
;3
;3
;3
;3
;3
;3
;3
;3
;3
;3
;3
;3
;3
;3
;3
;3
;3
;3
;3
;3
;3
;3
;3
;3
;3
;3
;3
;3
;3
;3
;3
;3
;3
;3
;3
;3
;3
;3
;3
;3
;3
;3
;3
;3
;3
;3
;3
;3
;3
;3
;3
;3
;3
;3
;3
;3
;3
;3
;3
;3
;3
;3
;3
;3
;3
;3
;3
;3
;3
;3
;3
;3
;3
;3
;3
;3
;3
;3
;3
;3
;3
;3
;3
;3
;3
;3
;3
;3
;3
;3
;3
;3
;3
;3
;3
;3
;3
;3
;3
;3
;3
;3
;3
;3
;3
;3
;3
;3
;3
;3
;3
;3
;3
;3
;3
;3
;3
;3
;3
;3
;3
;3
;3
;3
;3
;3
;3
;3
;3
;3
;3
;3
;3
;3
;3
;3
;3
;3
;3
;3
;3
;3
;3
;3
;3
;3
;3
;3
;3
;3
;3
;3
;3
;3
;3
;3
;3
;3
;3
;3
;3
;3
;3
;3
;3
;3
;3
;3
;3
;3
;3
;3
;3
;3
;3
;3
;3
;3
;3
;3
;3
;3
;3
;3
;3
;3
;3
;3
;3
;3
;3
;3
;3
;3
;3
;3
;3
;3
;3
;3
;3
;3
;3
;3
;3
;3
;3
;3
;3
;3
;3
;3
;3
;3
;3
;3
;3
;3
;3
;3
;3
;3
;3
;3
;3
;3
;3
;3
;3
;3
;3
;3
;3
;3
;3
;3
;3
;3
;3
;3
;3
;3
;3
;3
;3
;3
;3
;3
;3
;3
;3
;3
;3
;3
;3
;3
;3
;3
;3
;3
;3
;3
;3
;3
;3
;3
;3
;3
;3
;3
;3
;3
;3
;3
;3
;3
;3
;3
;3
;3
;3
;3
;3
;3
;3
;3
;3
;3
;3
;3
;3
;3
;3
;3
;3
;3
;3
;3
;3
;3
;3
;3
;3
;3
;3
;3
;3
;3
;3
;3
;3
;3
;3
;3
;3
;3
;3
;3
;3
;3
;3
;3
;3
;3
;3
;3
;3
;3
;3
;3
;3
;3
;3
;3
;3
;3
;3
;3
;3
;3
;3
;3
;3
;3
;3
;3
;3
;3
;3
;3
;3
;3
;3
;3
;3
;3
;3
;3
;3
;3
;3
;3
;3
;3
;3
;3
;3
;3
;3
;3
;3
;3
;3
;3
;3
;3
;3
;3
;3
;3
;3
;3
;3
;3
;3
;3
;3
;3
;3
;3
;3
;3
;3
;3
;3
;3
;3
;3
;3
;3
;3
;3
;3
;3
;3
;3
;3
;3
;3
;3
;3
;3
;3
;3
;3
;3
;3
;3
;3
;3
;3
;3
;3
;3
;3
;3
;3
;3
;3
;3
;3
;3
;3
;3
;3
;3
;3
;3
;3
;3
;3
;3
;3
;3
;3
;3
;3
;3
;3
;3
;3
;3
;3
;3
;3
;3
;3
;3
;3
;3
;3
;3
;3
;3
;3
;3
;3
;3
;3
;3
;3
;3
;3
;3
;3
;3
;3
;3
;3
;3
;3
;3
;3
;3
;3
;3
;3
;3
;3
;3
;3
;3
;3
;3
;3
;3
;3
;3
;3
;3
;3
;3
;3
;3
;3
;3
;3
;3
;3
;3
;3
;3
;3
;3
;3
;3
;3
;3
;3
;3
;3
;3
;3
;3
;3
;3
;3
;3
;3
;3
;3
;3
;3
;3