;;;;
Акция обыкновенная;common_share;SBER;Сбербанк;Сбербанк России ПАО ао;RUB;RU0009029540
Акция привилегированная ;preferred_share;SBERP;Сбербанк-п;Сбербанк России ПАО ап;RUB;RU0009029557
Биржевая облигация;exchange_bond;RU000A10B0E4;Сбер SbD5R;Сбербанк ПАО 001Р-SBERD5;RUB;RU000A10B0E4
Биржевая облигация;exchange_bond;RU000A10BL99;Сбер SbD6R;Сбербанк ПАО 001Р-SBERD6;RUB;RU000A10BL99
Биржевая облигация;exchange_bond;RU000A1069P3;Сбер Sb44R;Сбербанк ПАО 002Р-SBER44;RUB;RU000A1069P3
Биржевая облигация;exchange_bond;RU000A10AS85;Сбер SbD4R;Сбербанк ПАО 001Р-SBERD4;RUB;RU000A10AS85
Биржевая облигация;exchange_bond;RU000A109X37;Сбер SbD3R;Сбербанк ПАО 001Р-SBERD3;RUB;RU000A109X37
Биржевая облигация;exchange_bond;RU000A109LG9;Сбер SbD2R;Сбербанк ПАО 001Р-SBERD2;RUB;RU000A109LG9
Биржевая облигация;exchange_bond;RU000A103661;Сбер Sb27R;Сбербанк ПАО 001Р-SBER27;RUB;RU000A103661
Биржевая облигация;exchange_bond;RU000A103G42;Сбер Sb29R;Сбербанк ПАО 001Р-SBER29;RUB;RU000A103G42
Биржевая облигация;exchange_bond;RU000A102YG7;Сбер Sb25R;Сбербанк ПАО 001Р-SBER25;RUB;RU000A102YG7
Биржевая облигация;exchange_bond;RU000A10A3L4;Сбер Sb48R;Сбербанк ПАО 002Р-SBER48;RUB;RU000A10A3L4
Биржевая облигация;exchange_bond;RU000A10BJN0;СберИОС712;СберИОС 001Р-712R 9M ЛУКОИЛДИС;RUB;RU000A10BJN0
Биржевая облигация;exchange_bond;RU000A1092X9;Сбер Sb47R;Сбербанк ПАО 002Р-SBER47;RUB;RU000A1092X9
Биржевая облигация;exchange_bond;RU000A10BPW8;СберИОС728;СберИОС 001Р-728R 1Y MOEXДИС;RUB;RU000A10BPW8
Биржевая облигация;exchange_bond;RU000A10BG96;СберИОС708;СберИОС 001Р-708R 1Г СБЕРДИС;RUB;RU000A10BG96
Биржевая облигация;exchange_bond;RU000A104L02;СберИОС531;СберИОС 001Р-531R 3Г GMKN;RUB;RU000A104L02
Биржевая облигация;exchange_bond;RU000A10BPB2;СберИОС726;СберИОС 001Р-726R 3Y1M ОФЗ;RUB;RU000A10BPB2
Биржевая облигация;exchange_bond;RU000A10BG88;СберИОС707;СберИОС 001Р-707R 5Г AC FIVE;RUB;RU000A10BG88
Биржевая облигация;exchange_bond;RU000A10BGR7;СберИОС710;СберИОС 001Р-710R 3Y1M ОФЗ;RUB;RU000A10BGR7
Биржевая облигация;exchange_bond;RU000A10BNR3;СберИОС724;СберИОС 001Р-724R 5Г AC IMOEX;RUB;RU000A10BNR3
Биржевая облигация;exchange_bond;RU000A10BNQ5;СберИОС725;СберИОС 001Р-725R X5 КС;RUB;RU000A10BNQ5
Биржевая облигация;exchange_bond;RU000A101Y75;СберИОС297;СберИОС 001Р-297R GMKN_prt 5Г;RUB;RU000A101Y75
Биржевая облигация;exchange_bond;RU000A106M09;СберИОС579;СберИОС 001Р-579R 5Г AC MOEX;RUB;RU000A106M09
Биржевая облигация;exchange_bond;RU000A107J45;СберИОС601;СберИОС 001Р-601R 5Г AC MOEXMM;RUB;RU000A107J45
Биржевая облигация;exchange_bond;RU000A107P88;СберИОС602;СберИОС 001Р-602R 5Г AC SBER;RUB;RU000A107P88
Биржевая облигация;exchange_bond;RU000A108413;СберИОС615;СберИОС 001Р-615R 5Г AC TCSG;RUB;RU000A108413
Биржевая облигация;exchange_bond;RU000A108C09;СберИОС621;СберИОС 001Р-621R 5Г AC SBER;RUB;RU000A108C09
Биржевая облигация;exchange_bond;RU000A108E64;СберИОС622;СберИОС 001Р-622R 5Г AC SBER;RUB;RU000A108E64
Биржевая облигация;exchange_bond;RU000A109X03;СберИОС656;СберИОС 001Р-656R 5Г AC LKOH;RUB;RU000A109X03
Биржевая облигация;exchange_bond;RU000A10A6X2;СберИОС664;СберИОС 001Р-664R 3Y1M ОФЗ;RUB;RU000A10A6X2
Биржевая облигация;exchange_bond;RU000A10ASA0;СберИОС677;СберИОС 001Р-677R 3Y1M ОФЗ;RUB;RU000A10ASA0
Биржевая облигация;exchange_bond;RU000A10AYH3;СберИОС683;СберИОС 001Р-683R 5Г AC MOEX;RUB;RU000A10AYH3
Биржевая облигация;exchange_bond;RU000A10AYQ4;СберИОС685;СберИОС 001Р-685R 3Y1M ОФЗ;RUB;RU000A10AYQ4
Биржевая облигация;exchange_bond;RU000A10B4M9;СберИОС694;СберИОС 001Р-694R 5Г AC LKOH;RUB;RU000A10B4M9
Биржевая облигация;exchange_bond;RU000A100MZ6;СберИОС119;СберИОС 001Р-119R 12Y ЗПИФ;RUB;RU000A100MZ6
Биржевая облигация;exchange_bond;RU000A101S32;СберИОС274;СберИОС 001Р-274R 5Г БОНД ИНД;RUB;RU000A101S32
Биржевая облигация;exchange_bond;RU000A101T23;СберИОС279;СберИОС 001Р-279R 5Y ТЕХ;RUB;RU000A101T23
Биржевая облигация;exchange_bond;RU000A101T31;СберИОС264;СберИОС 001Р-264R 5Y США-ШВЕЙЦ;RUB;RU000A101T31
Биржевая облигация;exchange_bond;RU000A101TZ9;СберИОС280;СберИОС 001Р-280R 5Y США-ШВЕЙЦ;RUB;RU000A101TZ9
Биржевая облигация;exchange_bond;RU000A101UZ7;СберИОС282;СберИОС 001Р-282R 5Г БТЕХ ИНД;RUB;RU000A101UZ7
Биржевая облигация;exchange_bond;RU000A101V11;СберИОС283;СберИОС 001Р-283R 5Y ТЕХ;RUB;RU000A101V11
Биржевая облигация;exchange_bond;RU000A101VK7;СберИОС286;СберИОС 001Р-286R 5Г DEF ИНД;RUB;RU000A101VK7
Биржевая облигация;exchange_bond;RU000A101VL5;СберИОС285;СберИОС 001Р-285R ТАТН_prt 5Г;RUB;RU000A101VL5
Биржевая облигация;exchange_bond;RU000A101VS0;СберИОС288;СберИОС 001Р-288R 5Г ESG;RUB;RU000A101VS0
Биржевая облигация;exchange_bond;RU000A101W28;СберИОС276;СберИОС 001Р-276R 5Г CDX 75%;RUB;RU000A101W28
Биржевая облигация;exchange_bond;RU000A101W36;СберИОС277;СберИОС 001Р-277R 5Г H.C.75%;RUB;RU000A101W36
Биржевая облигация;exchange_bond;RU000A101WG3;СберИОС292;СберИОС 001Р-292R 5Г МГТРД ИНД;RUB;RU000A101WG3
Биржевая облигация;exchange_bond;RU000A101WU4;СберИОС296;СберИОС 001Р-296R 5Г ESG;RUB;RU000A101WU4
Биржевая облигация;exchange_bond;RU000A101WV2;СберИОС295;СберИОС 001Р-295R 5Y ТЕХ;RUB;RU000A101WV2
Биржевая облигация;exchange_bond;RU000A101WT6;СберИОС287;СберИОС 001Р-287R 5Г SBERDVTI;RUB;RU000A101WT6
Биржевая облигация;exchange_bond;RU000A101Y83;СберИОС291;СберИОС 001Р-291R 5Y PP 75%;RUB;RU000A101Y83
Биржевая облигация;exchange_bond;RU000A101YG9;СберИОС298;СберИОС 001Р-298R 5Г БТЕХ ИНД;RUB;RU000A101YG9
Биржевая облигация;exchange_bond;RU000A101ZQ5;СберИОС293;СберИОС 001Р-293R 5Г CDX;RUB;RU000A101ZQ5
Биржевая облигация;exchange_bond;RU000A101ZR3;СберИОС301;СберИОС 001Р-301R 5Y ТЕХ;RUB;RU000A101ZR3
Биржевая облигация;exchange_bond;RU000A101ZS1;СберИОС302;СберИОС 001Р-302R 5Г ESG;RUB;RU000A101ZS1
Биржевая облигация;exchange_bond;RU000A101ZV5;СберИОС294;СберИОС 001Р-294R 5Г RBPP;RUB;RU000A101ZV5
Биржевая облигация;exchange_bond;RU000A1020F7;СберИОС304;СберИОС 001Р-304R 5Г МГТРД ИНД;RUB;RU000A1020F7
Биржевая облигация;exchange_bond;RU000A1020G5;СберИОС314;СберИОС 001Р-314R 5Г SBERDVTI;RUB;RU000A1020G5
Биржевая облигация;exchange_bond;RU000A102168;СберИОС311;СберИОС 001Р-311R 5Y ТЕХ;RUB;RU000A102168
Биржевая облигация;exchange_bond;RU000A102176;СберИОС312;СберИОС 001Р-312R 5Г ESG;RUB;RU000A102176
Биржевая облигация;exchange_bond;RU000A1021M1;СберИОС305;СберИОС 001Р-305R 5Г МГТРД ИНД;RUB;RU000A1021M1
Биржевая облигация;exchange_bond;RU000A1021N9;СберИОС306;СберИОС 001Р-306R 5Г БТЕХ ИНД;RUB;RU000A1021N9
Биржевая облигация;exchange_bond;RU000A1021P4;СберИОС309;СберИОС 001Р-309R 5Г ВП;RUB;RU000A1021P4
Биржевая облигация;exchange_bond;RU000A1021Q2;СберИОС310;СберИОС 001Р-310R 5Г ВП;RUB;RU000A1021Q2
Биржевая облигация;exchange_bond;RU000A102242;СберИОС315;СберИОС 001Р-315R 5Y ТЕХ;RUB;RU000A102242
Биржевая облигация;exchange_bond;RU000A102259;СберИОС316;СберИОС 001Р-316R 5Г ESG;RUB;RU000A102259
Биржевая облигация;exchange_bond;RU000A102283;СберИОС320;СберИОС 001Р-320R 5Г SBERDVTI;RUB;RU000A102283
Биржевая облигация;exchange_bond;RU000A1022N7;СберИОС318;СберИОС 001Р-318R 5Г МГТРД ИНД;RUB;RU000A1022N7
Биржевая облигация;exchange_bond;RU000A1022R8;СберИОС327;СберИОС 001Р-327R 5Г РБЧ;RUB;RU000A1022R8
Биржевая облигация;exchange_bond;RU000A102341;СберИОС308;СберИОС 001Р-308R 5Г СРВП;RUB;RU000A102341
Биржевая облигация;exchange_bond;RU000A102358;СберИОС307;СберИОС 001Р-307R 5Г СРВП;RUB;RU000A102358
Биржевая облигация;exchange_bond;RU000A1023X4;СберИОС323;СберИОС 001Р-323R 5Y ТЕХ;RUB;RU000A1023X4
Биржевая облигация;exchange_bond;RU000A1023Y2;СберИОС324;СберИОС 001Р-324R 5Г ESG;RUB;RU000A1023Y2
Биржевая облигация;exchange_bond;RU000A1023Z9;СберИОС319;СберИОС 001Р-319R 5Г МГТРД ИНД;RUB;RU000A1023Z9
Биржевая облигация;exchange_bond;RU000A102416;СберИОС321;СберИОС 001Р-321R 5Г SBERDVTI;RUB;RU000A102416
Биржевая облигация;exchange_bond;RU000A1024N3;СберИОС329;СберИОС 001Р-329R 5Г ВП;RUB;RU000A1024N3
Биржевая облигация;exchange_bond;RU000A1024T0;СберИОС330;СберИОС 001Р-330R 5Г ВП;RUB;RU000A1024T0
Биржевая облигация;exchange_bond;RU000A1025R1;СберИОС345;СберИОС 001Р-345R 5Y ТЕХ;RUB;RU000A1025R1
Биржевая облигация;exchange_bond;RU000A1025S9;СберИОС346;СберИОС 001Р-346R 5Y ТЕХ;RUB;RU000A1025S9
Биржевая облигация;exchange_bond;RU000A1025L4;СберИОС336;СберИОС 001Р-336R 5Г РБЧ;RUB;RU000A1025L4
Биржевая облигация;exchange_bond;RU000A102614;СберИОС338;СберИОС 001Р-338R 5Г МГТРД ИНД;RUB;RU000A102614
Биржевая облигация;exchange_bond;RU000A102622;СберИОС340;СберИОС 001Р-340R 5Г ВСТГЭ ИНД;RUB;RU000A102622
Биржевая облигация;exchange_bond;RU000A1025J8;СберИОС331;СберИОС 001Р-331R 5Г СРВП;RUB;RU000A1025J8
Биржевая облигация;exchange_bond;RU000A1026E7;СберИОС332;СберИОС 001Р-332R 5Г СРВП;RUB;RU000A1026E7
Биржевая облигация;exchange_bond;RU000A1026M0;СберИОС341;СберИОС 001Р-341R 5Г РБЧ;RUB;RU000A1026M0
Биржевая облигация;exchange_bond;RU000A1026N8;СберИОС342;СберИОС 001Р-342R 5Г МГТРД ИНД;RUB;RU000A1026N8
Биржевая облигация;exchange_bond;RU000A1026P3;СберИОС343;СберИОС 001Р-343R 5Г ВСТГЭ ИНД;RUB;RU000A1026P3
Биржевая облигация;exchange_bond;RU000A1027A3;СберИОС348;СберИОС 001Р-348R IPO_КНД 5Г;RUB;RU000A1027A3
Биржевая облигация;exchange_bond;RU000A1028J2;СберИОС354;СберИОС 001Р-354R 5Г SBERLV85;RUB;RU000A1028J2
Биржевая облигация;exchange_bond;RU000A1028K0;СберИОС355;СберИОС 001Р-355R 5Y ТЕХ;RUB;RU000A1028K0
Биржевая облигация;exchange_bond;RU000A1029C5;СберИОС333;СберИОС 001Р-333R 5Г ВП;RUB;RU000A1029C5
Биржевая облигация;exchange_bond;RU000A1029E1;СберИОС351;СберИОС 001Р-351R 5Г ВП;RUB;RU000A1029E1
Биржевая облигация;exchange_bond;RU000A1029Q5;СберИОС359;СберИОС 001Р-359R 5Г ВСТГЭ ИНД;RUB;RU000A1029Q5
Биржевая облигация;exchange_bond;RU000A1029R3;СберИОС357;СберИОС 001Р-357R 5Г РБЧ;RUB;RU000A1029R3
Биржевая облигация;exchange_bond;RU000A1029S1;СберИОС360;СберИОС 001Р-360R 5Г БТЕХ ИНД;RUB;RU000A1029S1
Биржевая облигация;exchange_bond;RU000A102A56;СберИОС353;СберИОС 001Р-353R 5Г СРВП;RUB;RU000A102A56
Биржевая облигация;exchange_bond;RU000A102A64;СберИОС352;СберИОС 001Р-352R 5Г СРВП;RUB;RU000A102A64
Биржевая облигация;exchange_bond;RU000A102A72;СберИОС366;СберИОС 001Р-366R 5Y СМШ;RUB;RU000A102A72
Биржевая облигация;exchange_bond;RU000A102A80;СберИОС367;СберИОС 001Р-367R 5Y СМШ;RUB;RU000A102A80
Биржевая облигация;exchange_bond;RU000A102BE0;СберИОС356;СберИОС 001Р-356R 5Г СРВП;RUB;RU000A102BE0
Биржевая облигация;exchange_bond;RU000A102BR2;СберИОС375;СберИОС 001Р-375R 5Y СМШ;RUB;RU000A102BR2
Биржевая облигация;exchange_bond;RU000A102BS0;СберИОС376;СберИОС 001Р-376R 5Y СМШ;RUB;RU000A102BS0
Биржевая облигация;exchange_bond;RU000A102BZ5;СберИОС373;СберИОС 001Р-373R 5Г ВП;RUB;RU000A102BZ5
Биржевая облигация;exchange_bond;RU000A102C13;СберИОС374;СберИОС 001Р-374R 5Г ВП;RUB;RU000A102C13
Биржевая облигация;exchange_bond;RU000A102C88;СберИОС358;СберИОС 001Р-358R 5Г РБЧ;RUB;RU000A102C88
Биржевая облигация;exchange_bond;RU000A102C96;СберИОС363;СберИОС 001Р-363R 5Г СИТК ИНД;RUB;RU000A102C96
Биржевая облигация;exchange_bond;RU000A102CA6;СберИОС364;СберИОС 001Р-364R 5Г ВСТГЭ ИНД;RUB;RU000A102CA6
Биржевая облигация;exchange_bond;RU000A102D38;СберИОС368;СберИОС 001Р-368R 5Г СРВП;RUB;RU000A102D38
Биржевая облигация;exchange_bond;RU000A102D61;СберИОС382;СберИОС 001Р-382R 5Y СМШ;RUB;RU000A102D61
Биржевая облигация;exchange_bond;RU000A102D87;СберИОС369;СберИОС 001Р-369R 5Г СРВП;RUB;RU000A102D87
Биржевая облигация;exchange_bond;RU000A102D53;СберИОС380;СберИОС 001Р-380R 5Y СМШ;RUB;RU000A102D53
Биржевая облигация;exchange_bond;RU000A102DF3;СберИОС378;СберИОС 001Р-378R 5Г SBERLV85;RUB;RU000A102DF3
Биржевая облигация;exchange_bond;RU000A102DG1;СберИОС370;СберИОС 001Р-370R 5Г СРВП;RUB;RU000A102DG1
Биржевая облигация;exchange_bond;RU000A102FL6;СберИОС377;СберИОС 001Р-377R 5Г ВЗР ИНД;RUB;RU000A102FL6
Биржевая облигация;exchange_bond;RU000A102G76;СберИОС383;СберИОС 001Р-383R 5Г СРВП;RUB;RU000A102G76
Биржевая облигация;exchange_bond;RU000A102GG4;СберИОС384;СберИОС 001Р-384R 5Г СРВП;RUB;RU000A102GG4
Биржевая облигация;exchange_bond;RU000A102GH2;СберИОС385;СберИОС 001Р-385R 5Г СРВП;RUB;RU000A102GH2
Биржевая облигация;exchange_bond;RU000A102GL4;СберИОС389;СберИОС 001Р-389R 5Г БТЕХ ИНД;RUB;RU000A102GL4
Биржевая облигация;exchange_bond;RU000A102GM2;СберИОС390;СберИОС 001Р-390R 5Г БТЕХ ИНД;RUB;RU000A102GM2
Биржевая облигация;exchange_bond;RU000A102GN0;СберИОС391;СберИОС 001Р-391R 5Г РБЧ;RUB;RU000A102GN0
Биржевая облигация;exchange_bond;RU000A102GP5;СберИОС392;СберИОС 001Р-392R 5Г РБЧ;RUB;RU000A102GP5
Биржевая облигация;exchange_bond;RU000A102GQ3;СберИОС393;СберИОС 001Р-393R 5Г НГК;RUB;RU000A102GQ3
Биржевая облигация;exchange_bond;RU000A102GR1;СберИОС394;СберИОС 001Р-394R 5Г НГК;RUB;RU000A102GR1
Биржевая облигация;exchange_bond;RU000A102GZ4;СберИОС396;СберИОС 001Р-396R 5Y СМШ;RUB;RU000A102GZ4
Биржевая облигация;exchange_bond;RU000A102HH0;СберИОС386;СберИОС 001Р-386R 5Г ВП;RUB;RU000A102HH0
Биржевая облигация;exchange_bond;RU000A102HK4;СберИОС387;СберИОС 001Р-387R 5Г ВП;RUB;RU000A102HK4
Биржевая облигация;exchange_bond;RU000A102JW5;СберИОС399;СберИОС 001Р-399R 5Г НГ;RUB;RU000A102JW5
Корпоративная облигация;corporate_bond;RU000A102HC1;Сбер2СУБ2R;Сбербанк 002СУБ-02R;RUB;RU000A102HC1
Биржевая облигация;exchange_bond;RU000A102RC0;СберИОС417;СберИОС 001Р-417R 5Г ВЗР ИНД;RUB;RU000A102RC0
Биржевая облигация;exchange_bond;RU000A102RD8;СберИОС419;СберИОС 001Р-419R 5Г РБЧ;RUB;RU000A102RD8
Биржевая облигация;exchange_bond;RU000A102RE6;СберИОС421;СберИОС 001Р-421R 5Y СМШ;RUB;RU000A102RE6
Биржевая облигация;exchange_bond;RU000A102RA4;СберИОС414;СберИОС 001Р-414R 7Г БТЕХ ИНД;RUB;RU000A102RA4
Биржевая облигация;exchange_bond;RU000A102SU0;СберИОС420;СберИОС 001Р-420R 5Y СМШ;RUB;RU000A102SU0
Биржевая облигация;exchange_bond;RU000A102TD4;СберИОС423;СберИОС 001Р-423R 5Г МФН;RUB;RU000A102TD4
Биржевая облигация;exchange_bond;RU000A102TH5;СберИОС425;СберИОС 001Р-425R 7Г РБЧ;RUB;RU000A102TH5
Биржевая облигация;exchange_bond;RU000A102UC4;СберИОС413;СберИОС 001Р-413R 5Г НГ;RUB;RU000A102UC4
Биржевая облигация;exchange_bond;RU000A102V69;СберИОС410;СберИОС 001Р-410R 5Г МФН;RUB;RU000A102V69
Биржевая облигация;exchange_bond;RU000A102VD0;СберИОС426;СберИОС 001Р-426R 7Г СШАМ ИНД;RUB;RU000A102VD0
Биржевая облигация;exchange_bond;RU000A102W50;СберИОС430;СберИОС 001Р-430R 7Г СШАМ ИНД;RUB;RU000A102W50
Биржевая облигация;exchange_bond;RU000A102WA4;СберИОС404;СберИОС 001Р-404R 5Г ВП;RUB;RU000A102WA4
Биржевая облигация;exchange_bond;RU000A102WB2;СберИОС429;СберИОС 001Р-429R 5Г СШАМ ИНД;RUB;RU000A102WB2
Биржевая облигация;exchange_bond;RU000A102WC0;СберИОС431;СберИОС 001Р-431R 5Г РБЧ;RUB;RU000A102WC0
Биржевая облигация;exchange_bond;RU000A102X26;СберИОС432;СберИОС 001Р-432R 5Y СМШ;RUB;RU000A102X26
Биржевая облигация;exchange_bond;RU000A102YH5;Сбер Sb26R;Сбербанк ПАО 001Р-SBER26;RUB;RU000A102YH5
Биржевая облигация;exchange_bond;RU000A102ZZ4;СберИОС433;СберИОС 001Р-433R 5Y СМШ;RUB;RU000A102ZZ4
Биржевая облигация;exchange_bond;RU000A1031G2;СберИОС412;СберИОС 001Р-412R 5Y СМШ;RUB;RU000A1031G2
Биржевая облигация;exchange_bond;RU000A103216;СберИОС442;СберИОС 001Р-442R 5Г ТОВ КРЗ;RUB;RU000A103216
Биржевая облигация;exchange_bond;RU000A103273;СберИОС437;СберИОС 001Р-437R 5Г SBRIF ИНД;RUB;RU000A103273
Биржевая облигация;exchange_bond;RU000A103281;СберИОС405;СберИОС 001Р-405R 5Г ВП;RUB;RU000A103281
Биржевая облигация;exchange_bond;RU000A1032C9;СберИОС439;СберИОС 001Р-439R 7Г СШАМ ИНД;RUB;RU000A1032C9
Биржевая облигация;exchange_bond;RU000A1032K2;СберИОС438;СберИОС 001Р-438R 5Г SBRIF ИНД;RUB;RU000A1032K2
Биржевая облигация;exchange_bond;RU000A1032L0;СберИОС440;СберИОС 001Р-440R 7Г СШАМ ИНД;RUB;RU000A1032L0
Биржевая облигация;exchange_bond;RU000A1032N6;СберИОС436;СберИОС 001Р-436R 5Y СМШ;RUB;RU000A1032N6
Биржевая облигация;exchange_bond;RU000A103539;СберИОС445;СберИОС 001Р-445R 5Y СМШ;RUB;RU000A103539
Биржевая облигация;exchange_bond;RU000A103588;СберИОС446;СберИОС 001Р-446R 5Г SBRIF ИНД;RUB;RU000A103588
Биржевая облигация;exchange_bond;RU000A103596;СберИОС447;СберИОС 001Р-447R 7Г РБЧ;RUB;RU000A103596
Биржевая облигация;exchange_bond;RU000A1027B1;СберИОС349;СберИОС 001Р-349R 5Г СМШ;RUB;RU000A1027B1
Биржевая облигация;exchange_bond;RU000A1038U8;Сбер Sb28R;Сбербанк ПАО 001Р-SBER28;RUB;RU000A1038U8
Биржевая облигация;exchange_bond;RU000A103968;СберИОС401;СберИОС 001Р-401R 5Г SBERESGR;RUB;RU000A103968
Биржевая облигация;exchange_bond;RU000A103976;СберИОС416;СберИОС 001Р-416R 7Г ВЗР ИНД;RUB;RU000A103976
Биржевая облигация;exchange_bond;RU000A103AM3;СберИОС435;СберИОС 001Р-435R 5Г SBERESGR;RUB;RU000A103AM3
Биржевая облигация;exchange_bond;RU000A103AP6;СберИОС449;СберИОС 001Р-449R 7Г РБЧ-М;RUB;RU000A103AP6
Биржевая облигация;exchange_bond;RU000A103AF7;СберИОС450;СберИОС 001Р-450R 5Y СМШ;RUB;RU000A103AF7
Биржевая облигация;exchange_bond;RU000A103C87;СберИОС454;СберИОС 001Р-454R 5Y СМШ;RUB;RU000A103C87
Биржевая облигация;exchange_bond;RU000A103CP2;СберИОС455;СберИОС 001Р-455R 7Г РБЧ-М;RUB;RU000A103CP2
Биржевая облигация;exchange_bond;RU000A103CR8;СберИОС456;СберИОС 001Р-456R 5Г DEF ИНД;RUB;RU000A103CR8
Биржевая облигация;exchange_bond;RU000A103F92;СберИОС457;СберИОС 001Р-457R 5Г SBRIF ИНД;RUB;RU000A103F92
Биржевая облигация;exchange_bond;RU000A103FA7;СберИОС458;СберИОС 001Р-458R 7Г РБЧ-М;RUB;RU000A103FA7
Биржевая облигация;exchange_bond;RU000A103FM2;СберИОС460;СберИОС 001Р-460R 5Г ПРОД;RUB;RU000A103FM2
Биржевая облигация;exchange_bond;RU000A103G59;Сбер Sb30R;Сбербанк ПАО 001Р-SBER30;RUB;RU000A103G59
Биржевая облигация;exchange_bond;RU000A103H66;Сбер Sb34R;Сбербанк ПАО 001Р-SBER34;RUB;RU000A103H66
Биржевая облигация;exchange_bond;RU000A103HE5;СберИОС461;СберИОС 001Р-461R 7Г РБЧ-М;RUB;RU000A103HE5
Биржевая облигация;exchange_bond;RU000A103JB7;СберИОС462;СберИОС 001Р-462R 5Г SBRIF ИНД;RUB;RU000A103JB7
Биржевая облигация;exchange_bond;RU000A103JQ5;СберИОС402;СберИОС 001Р-402R 5Г ПРОД;RUB;RU000A103JQ5
Биржевая облигация;exchange_bond;RU000A103LD9;СберИОС463;СберИОС 001Р-463R 5Г SBRIF ИНД;RUB;RU000A103LD9
Биржевая облигация;exchange_bond;RU000A103LE7;СберИОС464;СберИОС 001Р-464R 7Г РБЧ-М;RUB;RU000A103LE7
Биржевая облигация;exchange_bond;RU000A103LF4;СберИОС465;СберИОС 001Р-465R 5Г ПРОД;RUB;RU000A103LF4
Биржевая облигация;exchange_bond;RU000A103MW7;СберИОС467;СберИОС 001Р-467R 7Г TAN;RUB;RU000A103MW7
Биржевая облигация;exchange_bond;RU000A103P25;СберИОС468;СберИОС 001Р-468R 5Г ПРОД;RUB;RU000A103P25
Биржевая облигация;exchange_bond;RU000A103PF5;СберИОС469;СберИОС 001Р-469R 5Г SBRIF ИНД;RUB;RU000A103PF5
Биржевая облигация;exchange_bond;RU000A103PH1;СберИОС470;СберИОС 001Р-470R 7Г РБЧ-М;RUB;RU000A103PH1
Корпоративная облигация;corporate_bond;RU000A103Q24;Сбер2СУБ3R;Сбербанк 002СУБ-03R;RUB;RU000A103Q24
Биржевая облигация;exchange_bond;RU000A103RU0;СберИОС471;СберИОС 001Р-471R 5Г ТЕХ;RUB;RU000A103RU0
Биржевая облигация;exchange_bond;RU000A103RV8;СберИОС472;СберИОС 001Р-472R 5Г РБЧ-М;RUB;RU000A103RV8
Биржевая облигация;exchange_bond;RU000A103RW6;СберИОС473;СберИОС 001Р-473R 7Г СШАМ ИНД;RUB;RU000A103RW6
Биржевая облигация;exchange_bond;RU000A103TL5;СберИОС409;СберИОС 001Р-409R 5Г IMOEX;RUB;RU000A103TL5
Биржевая облигация;exchange_bond;RU000A103TN1;СберИОС418;СберИОС 001Р-418R 5Г SPX;RUB;RU000A103TN1
Биржевая облигация;exchange_bond;RU000A103UP4;СберИОС476;СберИОС 001Р-476R 5Г ТЕХ;RUB;RU000A103UP4
Биржевая облигация;exchange_bond;RU000A103UQ2;СберИОС477;СберИОС 001Р-477R 5Г SPX;RUB;RU000A103UQ2
Биржевая облигация;exchange_bond;RU000A103UR0;СберИОС478;СберИОС 001Р-478R 5Г IMOEX;RUB;RU000A103UR0
Биржевая облигация;exchange_bond;RU000A103VP2;СберИОС479;СберИОС 001Р-479R 5Г РБЧ-М;RUB;RU000A103VP2
Биржевая облигация;exchange_bond;RU000A103VQ0;СберИОС480;СберИОС 001Р-480R 7Г СШАМ ИНД;RUB;RU000A103VQ0
Биржевая облигация;exchange_bond;RU000A103X90;СберИОС481;СберИОС 001Р-481R 5Г РБЧ-М;RUB;RU000A103X90
Биржевая облигация;exchange_bond;RU000A103Y16;СберИОС482;СберИОС 001Р-482R 5Г ТЕХ;RUB;RU000A103Y16
Биржевая облигация;exchange_bond;RU000A103Y40;СберИОС484;СберИОС 001Р-484R 5Г SPX;RUB;RU000A103Y40
Биржевая облигация;exchange_bond;RU000A103Y57;СберИОС485;СберИОС 001Р-485R 5Г IMOEX;RUB;RU000A103Y57
Биржевая облигация;exchange_bond;RU000A103ZJ6;СберИОС486;СберИОС 001Р-486R 7Г РБЧ-М;RUB;RU000A103ZJ6
Биржевая облигация;exchange_bond;RU000A102FQ5;Сбер Sb20R;Сбербанк ПАО 001Р-SBER20;RUB;RU000A102FQ5
Биржевая облигация;exchange_bond;RU000A1040J7;Сбер Sb38R;Сбербанк ПАО 001Р-SBER38;RUB;RU000A1040J7
Биржевая облигация;exchange_bond;RU000A1040T6;СберИОС488;СберИОС 001Р-488R 5Г ТЕХ;RUB;RU000A1040T6
Биржевая облигация;exchange_bond;RU000A1040U4;СберИОС489;СберИОС 001Р-489R 5Г ИФН;RUB;RU000A1040U4
Биржевая облигация;exchange_bond;RU000A1040Y6;Сбер Sb39R;Сбербанк ПАО 001Р-SBER39;RUB;RU000A1040Y6
Биржевая облигация;exchange_bond;RU000A1041M9;СберИОС490;СберИОС 001Р-490R 5Г SPX;RUB;RU000A1041M9
Биржевая облигация;exchange_bond;RU000A1041N7;СберИОС491;СберИОС 001Р-491R 5Г IMOEX;RUB;RU000A1041N7
Биржевая облигация;exchange_bond;RU000A1043H5;СберИОС492;СберИОС 001Р-492R 5Г GAZP;RUB;RU000A1043H5
Биржевая облигация;exchange_bond;RU000A1044W2;СберИОС497;СберИОС 001Р-497R 5Г РБЧ-М;RUB;RU000A1044W2
Биржевая облигация;exchange_bond;RU000A1044X0;СберИОС496;СберИОС 001Р-496R 5Г IMOEX;RUB;RU000A1044X0
Биржевая облигация;exchange_bond;RU000A1044Y8;СберИОС495;СберИОС 001Р-495R 5Г GAZP;RUB;RU000A1044Y8
Биржевая облигация;exchange_bond;RU000A1044V4;СберИОС498;СберИОС 001Р-498R 7Г РБЧ-М;RUB;RU000A1044V4
Биржевая облигация;exchange_bond;RU000A1045F4;СберИОС493;СберИОС 001Р-493R 5Г ТЕХ;RUB;RU000A1045F4
Биржевая облигация;exchange_bond;RU000A1047L8;СберИОС503;СберИОС 001Р-503R 5Г ТЕХ;RUB;RU000A1047L8
Биржевая облигация;exchange_bond;RU000A1047M6;СберИОС502;СберИОС 001Р-502R 5Г GAZP;RUB;RU000A1047M6
Биржевая облигация;exchange_bond;RU000A1047N4;СберИОС501;СберИОС 001Р-501R 5Г NDX;RUB;RU000A1047N4
Биржевая облигация;exchange_bond;RU000A1047P9;СберИОС500;СберИОС 001Р-500R 5Г ИФН;RUB;RU000A1047P9
Биржевая облигация;exchange_bond;RU000A1049R1;СберИОС507;СберИОС 001Р-507R 5Г СШАМ ИНД;RUB;RU000A1049R1
Биржевая облигация;exchange_bond;RU000A104A96;СберИОС504;СберИОС 001Р-504R 5Г ТЕХ;RUB;RU000A104A96
Биржевая облигация;exchange_bond;RU000A104AF5;СберИОС506;СберИОС 001Р-506R 5Г GAZP;RUB;RU000A104AF5
Биржевая облигация;exchange_bond;RU000A104AH1;СберИОС510;СберИОС 001Р-510R 5Г IMOEX;RUB;RU000A104AH1
Биржевая облигация;exchange_bond;RU000A104CS4;СберИОС513;СберИОС 001Р-513R 7Г РБЧ-М;RUB;RU000A104CS4
Биржевая облигация;exchange_bond;RU000A104CY2;СберИОС509;СберИОС 001Р-509R 5Г DEF ИЭЦ;RUB;RU000A104CY2
Биржевая облигация;exchange_bond;RU000A104CR6;СберИОС511;СберИОС 001Р-511R 5Г ТЕХ;RUB;RU000A104CR6
Биржевая облигация;exchange_bond;RU000A104CZ9;СберИОС512;СберИОС 001Р-512R 5Г SBER;RUB;RU000A104CZ9
Биржевая облигация;exchange_bond;RU000A104ES0;СберИОС514;СберИОС 001Р-514R 5Г NDX;RUB;RU000A104ES0
Биржевая облигация;exchange_bond;RU000A104FK4;СберИОС516;СберИОС 001Р-516R 5Г SBER;RUB;RU000A104FK4
Биржевая облигация;exchange_bond;RU000A104FL2;СберИОС515;СберИОС 001Р-515R 5Г ТЕХ;RUB;RU000A104FL2
Биржевая облигация;exchange_bond;RU000A104H08;СберИОС522;СберИОС 001Р-522R 5Г РФКРЗН;RUB;RU000A104H08
Биржевая облигация;exchange_bond;RU000A104JX9;СберИОС527;СберИОС 001Р-527R 5Г ТЕХ;RUB;RU000A104JX9
Биржевая облигация;exchange_bond;RU000A104JY7;СберИОС524;СберИОС 001Р-524R 5Г IMOEX;RUB;RU000A104JY7
Биржевая облигация;exchange_bond;RU000A104KK4;СберИОС525;СберИОС 001Р-525R 5Г ФНЭ;RUB;RU000A104KK4
Биржевая облигация;exchange_bond;RU000A104KL2;СберИОС526;СберИОС 001Р-526R 5Г ТЕХ;RUB;RU000A104KL2
Биржевая облигация;exchange_bond;RU000A104KX7;СберИОС523;СберИОС 001Р-523R 5Г SBER;RUB;RU000A104KX7
Биржевая облигация;exchange_bond;RU000A104KY5;СберИОС529;СберИОС 001Р-529R 5Г IMOEX;RUB;RU000A104KY5
Биржевая облигация;exchange_bond;RU000A104KZ2;СберИОС530;СберИОС 001Р-530R 5Г SBERRM;RUB;RU000A104KZ2
Биржевая облигация;exchange_bond;RU000A104KE7;СберИОС528;СберИОС 001Р-528R 5Г BSKRUS;RUB;RU000A104KE7
Биржевая облигация;exchange_bond;RU000A104Y31;СберИОС408;СберИОС 001Р-408R 5Г РБЧ;RUB;RU000A104Y31
Биржевая облигация;exchange_bond;RU000A105161;СберИОС534;СберИОС 001Р-534R 3Г НОВАТЭК;RUB;RU000A105161
Биржевая облигация;exchange_bond;RU000A105179;СберИОС533;СберИОС 001Р-533R 5Г IMOEX;RUB;RU000A105179
Биржевая облигация;exchange_bond;RU000A105401;СберИОС535;СберИОС 001Р-535R 3Г РОСНФТ;RUB;RU000A105401
Биржевая облигация;exchange_bond;RU000A1054X9;СберИОС536;СберИОС 001Р-536R 5Г IMOEX;RUB;RU000A1054X9
Биржевая облигация;exchange_bond;RU000A1057K9;СберИОС538;СберИОС 001Р-538R 3Г МАГНИТ;RUB;RU000A1057K9
Биржевая облигация;exchange_bond;RU000A1059D0;СберИОС540;СберИОС 001Р-540R 3Г ЛУКОЙЛ;RUB;RU000A1059D0
Биржевая облигация;exchange_bond;RU000A105BK0;СберИОС542;СберИОС 001Р-542R 3Г СБЕР;RUB;RU000A105BK0
Биржевая облигация;exchange_bond;RU000A105GQ6;СберИОС544;СберИОС 001Р-544R 3Г IMOEX;RUB;RU000A105GQ6
Биржевая облигация;exchange_bond;RU000A105MD2;СберИОС547;СберИОС 001Р-547R 3Г МТС;RUB;RU000A105MD2
Биржевая облигация;exchange_bond;RU000A105R96;СберИОС551;СберИОС 001Р-551R 3Г РОСН;RUB;RU000A105R96
Биржевая облигация;exchange_bond;RU000A105S87;СберИОС553;СберИОС 001Р-553R 5Г SBER;RUB;RU000A105S87
Биржевая облигация;exchange_bond;RU000A105W57;СберИОС556;СберИОС 001Р-556R 3Г НОВАТЭК;RUB;RU000A105W57
Биржевая облигация;exchange_bond;RU000A105WX9;СберИОС557;СберИОС 001Р-557R СБЕР КС;RUB;RU000A105WX9
Биржевая облигация;exchange_bond;RU000A105ZR4;СберИОС559;СберИОС 001Р-559R 3Г ЛУКОЙЛ;RUB;RU000A105ZR4
Биржевая облигация;exchange_bond;RU000A1061E4;СберИОС560;СберИОС 001Р-560R IMOEX;RUB;RU000A1061E4
Биржевая облигация;exchange_bond;RU000A1065F2;СберИОС561;СберИОС 001Р-561R 3Г IMOEX;RUB;RU000A1065F2
Биржевая облигация;exchange_bond;RU000A103YV4;Сбер Sb36R;Сбербанк ПАО 001Р-SBER36;RUB;RU000A103YV4
Биржевая облигация;exchange_bond;RU000A106AB9;СберИОС566;СберИОС 001Р-566R 3Г КС85;RUB;RU000A106AB9
Биржевая облигация;exchange_bond;RU000A106AP9;СберИОС567;СберИОС 001Р-567R 5Г AC IMOEX;RUB;RU000A106AP9
Биржевая облигация;exchange_bond;RU000A106AQ7;СберИОС568;СберИОС 001Р-568R 3Г TATN;RUB;RU000A106AQ7
Биржевая облигация;exchange_bond;RU000A106D83;СберИОС570;СберИОС 001Р-570R 3Г КС85;RUB;RU000A106D83
Биржевая облигация;exchange_bond;RU000A106EX5;СберИОС573;СберИОС 001Р-573R 3Г АФКC;RUB;RU000A106EX5
Биржевая облигация;exchange_bond;RU000A106G64;СберИОС574;СберИОС 001Р-574R 3Г КС9;RUB;RU000A106G64
Биржевая облигация;exchange_bond;RU000A106L18;СберИОС577;СберИОС 001Р-577R 5Г AC MOEXOG;RUB;RU000A106L18
Биржевая облигация;exchange_bond;RU000A106LZ5;СберИОС578;СберИОС 001Р-578R 3Г AC SBER;RUB;RU000A106LZ5
Биржевая облигация;exchange_bond;RU000A106QL4;СберИОС580;СберИОС 001Р-580R 5Г AC IMOEX;RUB;RU000A106QL4
Биржевая облигация;exchange_bond;RU000A106RY5;СберИОС581;СберИОС 001Р-581R 3Г AC ROSN;RUB;RU000A106RY5
Биржевая облигация;exchange_bond;RU000A106SD7;СберИОС582;СберИОС 001Р-582R 5Г AC IMOEX;RUB;RU000A106SD7
Биржевая облигация;exchange_bond;RU000A106TT1;СберИОС584;СберИОС 001Р-584R IMOEX КС;RUB;RU000A106TT1
Биржевая облигация;exchange_bond;RU000A106TU9;СберИОС585;СберИОС 001Р-585R IMOEX КС;RUB;RU000A106TU9
Биржевая облигация;exchange_bond;RU000A106XQ9;СберИОС586;СберИОС 001Р-586R 3Г AC MOEX;RUB;RU000A106XQ9
Биржевая облигация;exchange_bond;RU000A106XR7;СберИОС588;СберИОС 001Р-588R 5Г AC MOEXFN;RUB;RU000A106XR7
Биржевая облигация;exchange_bond;RU000A107464;СберИОС590;СберИОС 001Р-590R 5Г AC MOEXFN;RUB;RU000A107464
Биржевая облигация;exchange_bond;RU000A1074S7;СберИОС591;СберИОС 001Р-591R 5Г AC MOEXOG;RUB;RU000A1074S7
Биржевая облигация;exchange_bond;RU000A107985;СберИОС595;СберИОС 001Р-595R 5Г AC MOEXFN;RUB;RU000A107985
Биржевая облигация;exchange_bond;RU000A1079B2;СберИОС596;СберИОС 001Р-596R 18M SBER;RUB;RU000A1079B2
Биржевая облигация;exchange_bond;RU000A107DC9;СберИОС599;СберИОС 001Р-599R 5Г AC MOEXFN;RUB;RU000A107DC9
Биржевая облигация;exchange_bond;RU000A107DB1;СберИОС598;СберИОС 001Р-598R 5Г AC TATN;RUB;RU000A107DB1
Биржевая облигация;exchange_bond;RU000A107Q04;СберИОС604;СберИОС 001Р-604R 5Г AC IMOEX;RUB;RU000A107Q04
Биржевая облигация;exchange_bond;RU000A107RW7;СберИОС603;СберИОС 001Р-603R 5Г AC CHMF;RUB;RU000A107RW7
Биржевая облигация;exchange_bond;RU000A107S69;СберИОС607;СберИОС 001Р-607R 2Y PLZL;RUB;RU000A107S69
Биржевая облигация;exchange_bond;RU000A107S77;СберИОС608;СберИОС 001Р-608R 3Г IMOEX;RUB;RU000A107S77
Биржевая облигация;exchange_bond;RU000A107SR5;СберИОС605;СберИОС 001Р-605R 5Г AC LKOH;RUB;RU000A107SR5
Биржевая облигация;exchange_bond;RU000A107UR1;СберИОС609;СберИОС 001Р-609R 5Г AC TRNFP;RUB;RU000A107UR1
Биржевая облигация;exchange_bond;RU000A107W97;СберИОС610;СберИОС 001Р-610R 5Г AC MOEXMM;RUB;RU000A107W97
Биржевая облигация;exchange_bond;RU000A107Y46;СберИОС611;СберИОС 001Р-611R 2Г IMOEX;RUB;RU000A107Y46
Биржевая облигация;exchange_bond;RU000A1080T2;СберИОС614;СберИОС 001Р-614R 3Y PLZL;RUB;RU000A1080T2
Биржевая облигация;exchange_bond;RU000A1080W6;СберИОС612;СберИОС 001Р-612R 5Г AC CHMF;RUB;RU000A1080W6
Биржевая облигация;exchange_bond;RU000A108421;СберИОС616;СберИОС 001Р-616R 5Г AC RTKM;RUB;RU000A108421
Биржевая облигация;exchange_bond;RU000A1088K4;СберИОС617;СберИОС 001Р-617R 5Г AC MAGN;RUB;RU000A1088K4
Биржевая облигация;exchange_bond;RU000A1088L2;СберИОС618;СберИОС 001Р-618R 5Г AC TCSG;RUB;RU000A1088L2
Биржевая облигация;exchange_bond;RU000A108DG8;СберИОС620;СберИОС 001Р-620R 5Г AC TCSG;RUB;RU000A108DG8
Биржевая облигация;exchange_bond;RU000A108K25;СберИОС623;СберИОС 001Р-623R 5Г AC MOEXIT;RUB;RU000A108K25
Биржевая облигация;exchange_bond;RU000A108LG1;СберИОС625;СберИОС 001Р-625R 3Y СБЕР;RUB;RU000A108LG1
Биржевая облигация;exchange_bond;RU000A108Q60;СберИОС626;СберИОС 001Р-626R 5Г AC TRNFP;RUB;RU000A108Q60
Биржевая облигация;exchange_bond;RU000A108QH8;СберИОС627;СберИОС 001Р-627R 3Г TW IMOEX;RUB;RU000A108QH8
Биржевая облигация;exchange_bond;RU000A108QJ4;СберИОС628;СберИОС 001Р-628R СБЕР ББК 3Г;RUB;RU000A108QJ4
Биржевая облигация;exchange_bond;RU000A108TC3;СберИОС629;СберИОС 001Р-629R 5Г BSKRUS;RUB;RU000A108TC3
Биржевая облигация;exchange_bond;RU000A108U98;СберИОС630;СберИОС 001Р-630R 5Г AC Лукойл;RUB;RU000A108U98
Биржевая облигация;exchange_bond;RU000A108U80;СберИОС631;СберИОС 001Р-631R 5Г AC MOEXIT;RUB;RU000A108U80
Биржевая облигация;exchange_bond;RU000A108WH6;СберИОС632;СберИОС 001Р-632R 3Г TW IMOEX;RUB;RU000A108WH6
Биржевая облигация;exchange_bond;RU000A108Z02;СберИОС633;СберИОС 001Р-633R 5Г AC СБЕР;RUB;RU000A108Z02
Биржевая облигация;exchange_bond;RU000A108Z10;СберИОС634;СберИОС 001Р-634R 5Г AC MOEXIT;RUB;RU000A108Z10
Биржевая облигация;exchange_bond;RU000A1092K6;СберИОС635;СберИОС 001Р-635R 13М AC СБЕР;RUB;RU000A1092K6
Биржевая облигация;exchange_bond;RU000A1093H0;СберИОС636;СберИОС 001Р-636R 5Г AC Яндекс;RUB;RU000A1093H0
Биржевая облигация;exchange_bond;RU000A1093J6;СберИОС637;СберИОС 001Р-637R 5Г AC СБЕР;RUB;RU000A1093J6
Биржевая облигация;exchange_bond;RU000A1093K4;СберИОС638;СберИОС 001Р-638R 5Г AC MOEXFN;RUB;RU000A1093K4
Биржевая облигация;exchange_bond;RU000A1097A6;СберИОС641;СберИОС 001Р-641R 5Г AC Яндекс;RUB;RU000A1097A6
Биржевая облигация;exchange_bond;RU000A1097R0;СберИОС642;СберИОС 001Р-642R 5Г AC СБЕР;RUB;RU000A1097R0
Биржевая облигация;exchange_bond;RU000A109833;СберИОС639;СберИОС 001Р-639R 3Г TW IMOEX;RUB;RU000A109833
Биржевая облигация;exchange_bond;RU000A109841;СберИОС640;СберИОС 001Р-640R 3Y IMOEX;RUB;RU000A109841
Биржевая облигация;exchange_bond;RU000A109A34;СберИОС644;СберИОС 001Р-644R 5Г AC IMOEX;RUB;RU000A109A34
Биржевая облигация;exchange_bond;RU000A109DR3;СберИОС643;СберИОС 001Р-643R СБЕР КС;RUB;RU000A109DR3
Биржевая облигация;exchange_bond;RU000A109F39;СберИОС646;СберИОС 001Р-646R 1Г TW IMOEX;RUB;RU000A109F39
Биржевая облигация;exchange_bond;RU000A109JJ7;СберИОС647;ИОС_PRTACm_LKOH-5Y-001Р-647R;RUB;RU000A109JJ7
Биржевая облигация;exchange_bond;RU000A109JK5;СберИОС648;СберИОС 001Р-648R 5Г AC IMOEX;RUB;RU000A109JK5
Биржевая облигация;exchange_bond;RU000A109LL9;СберИОС649;СберИОС 001Р-649R 5Г AC LKOH;RUB;RU000A109LL9
Биржевая облигация;exchange_bond;RU000A109QS3;СберИОС651;СберИОС 001Р-651R ЛУКОЙЛ КС;RUB;RU000A109QS3
Биржевая облигация;exchange_bond;RU000A109TR9;СберИОС654;СберИОС 001Р-654R RUGOLD КС;RUB;RU000A109TR9
Биржевая облигация;exchange_bond;RU000A109TS7;СберИОС655;СберИОС 001Р-655R RUGOLD КС;RUB;RU000A109TS7
Биржевая облигация;exchange_bond;RU000A109YH0;СберИОС659;СберИОС 001Р-659R 3Y1M ОФЗ;RUB;RU000A109YH0
Биржевая облигация;exchange_bond;RU000A109YF4;СберИОС657;СберИОС 001Р-657R RUGOLD КС;RUB;RU000A109YF4
Биржевая облигация;exchange_bond;RU000A10A182;СберИОС660;СберИОС 001Р-660R 5Г BSKRUS;RUB;RU000A10A182
Биржевая облигация;exchange_bond;RU000A10A5J3;СберИОС663;СберИОС 001Р-663R RUGOLD КС;RUB;RU000A10A5J3
Биржевая облигация;exchange_bond;RU000A10A6N3;СберИОС662;СберИОС 001Р-662R 5Г AC IMOEX;RUB;RU000A10A6N3
Биржевая облигация;exchange_bond;RU000A10A6Y0;СберИОС665;СберИОС 001Р-665R СБЕР КС;RUB;RU000A10A6Y0
Биржевая облигация;exchange_bond;RU000A10A7N1;СберИОС666;СберИОС 001Р-666R 5Г BSKRUS;RUB;RU000A10A7N1
Биржевая облигация;exchange_bond;RU000A10AEA0;СберИОС668;СберИОС 001Р-668R 2Y ОФЗ;RUB;RU000A10AEA0
Биржевая облигация;exchange_bond;RU000A10AEC6;СберИОС667;СберИОС 001Р-667R 1Y IMOEX;RUB;RU000A10AEC6
Биржевая облигация;exchange_bond;RU000A10AMK2;СберИОС669;СберИОС 001Р-669R 5Г AC TATN;RUB;RU000A10AMK2
Биржевая облигация;exchange_bond;RU000A10AN80;СберИОС670;СберИОС 001Р-670R 5Г BSKRUS;RUB;RU000A10AN80
Биржевая облигация;exchange_bond;RU000A10AN98;СберИОС671;СберИОС 001Р-671R 5Г AC SBER;RUB;RU000A10AN98
Биржевая облигация;exchange_bond;RU000A10AND5;СберИОС672;СберИОС 001Р-672R 3Г BSKRUS;RUB;RU000A10AND5
Биржевая облигация;exchange_bond;RU000A10ANF0;СберИОС673;СберИОС 001Р-673R 5Г BSKRUS;RUB;RU000A10ANF0
Биржевая облигация;exchange_bond;RU000A10AQF3;СберИОС674;СберИОС 001Р-674R 5Г AC LKOH;RUB;RU000A10AQF3
Биржевая облигация;exchange_bond;RU000A10AQZ1;СберИОС675;СберИОС 001Р-675R 5Г BSKRUS;RUB;RU000A10AQZ1
Биржевая облигация;exchange_bond;RU000A10AR45;СберИОС676;СберИОС 001Р-676R 1Г СБЕРДИС;RUB;RU000A10AR45
Биржевая облигация;exchange_bond;RU000A10AT92;СберИОС678;СберИОС 001Р-678R 5Г BSKRUS;RUB;RU000A10AT92
Биржевая облигация;exchange_bond;RU000A10AVB2;СберИОС681;СберИОС 001Р-681R 1Г BSKRUS;RUB;RU000A10AVB2
Биржевая облигация;exchange_bond;RU000A10AVC0;СберИОС680;СберИОС 001Р-680R 1Г BSKRUS;RUB;RU000A10AVC0
Биржевая облигация;exchange_bond;RU000A10AXQ6;СберИОС682;СберИОС 001Р-682R 3Г BSKRUS;RUB;RU000A10AXQ6
Биржевая облигация;exchange_bond;RU000A10AUJ7;СберИОС679;СберИОС 001Р-679R 3Y ОФЗ;RUB;RU000A10AUJ7
Биржевая облигация;exchange_bond;RU000A10AYR2;СберИОС687;СберИОС 001Р-687R USDRUR КС;RUB;RU000A10AYR2
Биржевая облигация;exchange_bond;RU000A10AYP6;СберИОС684;СберИОС 001Р-684R AFLT КС;RUB;RU000A10AYP6
Биржевая облигация;exchange_bond;RU000A10AYZ5;СберИОС686;СберИОС 001Р-686R 5Г BSKRUS;RUB;RU000A10AYZ5
Биржевая облигация;exchange_bond;RU000A10AZU3;СберИОС689;СберИОС 001Р-689R 2Г BSKRUS;RUB;RU000A10AZU3
Биржевая облигация;exchange_bond;RU000A10B0D6;СберИОС688;СберИОС 001Р-688R 1Г СБЕРДИС;RUB;RU000A10B0D6
Биржевая облигация;exchange_bond;RU000A10B0F1;СберИОС691;СберИОС 001Р-691R 1Г BSKRUS;RUB;RU000A10B0F1
Биржевая облигация;exchange_bond;RU000A10B1T0;СберИОС693;СберИОС 001Р-693R 3Г BSKRUS;RUB;RU000A10B1T0
Биржевая облигация;exchange_bond;RU000A10B1S2;СберИОС692;СберИОС 001Р-692R 5Г BSKRUS;RUB;RU000A10B1S2
Биржевая облигация;exchange_bond;RU000A10B4N7;СберИОС695;СберИОС 001Р-695R СБЕР КС;RUB;RU000A10B4N7
Биржевая облигация;exchange_bond;RU000A10B4P2;СберИОС698;СберИОС 001Р-698R USDRUR КС;RUB;RU000A10B4P2
Биржевая облигация;exchange_bond;RU000A10B5U9;СберИОС697;СберИОС 001Р-697R 5Г BSKRUS;RUB;RU000A10B5U9
Биржевая облигация;exchange_bond;RU000A10B7B5;СберИОС699;СберИОС 001Р-699R 3Y1M ОФЗ;RUB;RU000A10B7B5
Биржевая облигация;exchange_bond;RU000A10B867;СберИОС700;СберИОС 001Р-700R 3Г BSKRUS;RUB;RU000A10B867
Биржевая облигация;exchange_bond;RU000A10B8E7;СберИОС703;СберИОС 001Р-703R 3Y1M ОФЗ;RUB;RU000A10B8E7
Биржевая облигация;exchange_bond;RU000A10B5T1;СберИОС696;СберИОС 001Р-696R 3Y1M ОФЗ;RUB;RU000A10B5T1
Биржевая облигация;exchange_bond;RU000A10BBN7;СберИОС704;СберИОС 001Р-704R 1Г BSKRUS;RUB;RU000A10BBN7
Биржевая облигация;exchange_bond;RU000A10BBQ0;СберИОС705;СберИОС 001Р-705R 5Г BSKRUS;RUB;RU000A10BBQ0
Биржевая облигация;exchange_bond;RU000A10BGB1;СберИОС706;СберИОС 001Р-706R 2Y WDC KR;RUB;RU000A10BGB1
Биржевая облигация;exchange_bond;RU000A10BJ51;СберИОС711;СберИОС 001Р-711R 5Г BSKRUS;RUB;RU000A10BJ51
Биржевая облигация;exchange_bond;RU000A10BL73;СберИОС701;СберИОС 001Р-701R 1Y IMOEX;RUB;RU000A10BL73
Биржевая облигация;exchange_bond;RU000A10BM98;СберИОС723;СберИОС 001Р-723R 3Г BSKRUS;RUB;RU000A10BM98
Биржевая облигация;exchange_bond;RU000A10BPJ5;СберИОС716;СберИОС 001Р-716R 96 PRT IMOEX;RUB;RU000A10BPJ5
Биржевая облигация;exchange_bond;RU000A10BQ37;СберИОС727;СберИОС 001Р-727R 5Г BSKRUS;RUB;RU000A10BQ37
Биржевая облигация;exchange_bond;RU000A10BSR2;СберИОС729;СберИОС 001Р-729R 1Г СБЕРДИС;RUB;RU000A10BSR2
Биржевая облигация;exchange_bond;RU000A10BT83;СберИОС717;СберИОС 001Р-717R 1Y IMOEX;RUB;RU000A10BT83
Биржевая облигация;exchange_bond;RU000A10BVZ9;СберИОС733;СберИОС 001Р-733R RUGOLD КС;RUB;RU000A10BVZ9
Биржевая облигация;exchange_bond;RU000A10BW05;СберИОС732;СберИОС 001Р-732R 5Г AC TATN;RUB;RU000A10BW05
Биржевая облигация;exchange_bond;RU000A10BXN1;СберИОС735;СберИОС 001Р-735R 3Y1M ОФЗ;RUB;RU000A10BXN1
Биржевая облигация;exchange_bond;RU000A10BXP6;СберИОС736;СберИОС 001Р-736R 5Г BSKRUS;RUB;RU000A10BXP6
Фьючерс;futures;SRU5;SBRF-9.25;Фьючерсный контракт SBRF-9.25;;
Фьючерс;futures;SBERF;SBERF;SBERF;;
Фьючерс;futures;SPU5;SBPR-9.25;Фьючерсный контракт SBPR-9.25;;
Депозитарная расписка;depositary_receipt;SBER-ME;SBER-адр;АДР Сбербанк России ORD SHS;RUB;US80585Y3080
